{"cameraMode":{"drawMode":0,"name":"Shaded","section":"Shading Mode"},"sceneLighting":false,"audioPlay":false,"sceneViewState":{"showFog":true,"showMaterialUpdate":true,"showSkybox":false,"showFlares":true,"showImageEffects":true,"showParticleSystems":true},"in2DMode":false,"pivot":{"x":0.4565950632095337,"y":2.641104221343994,"z":-0.9349337220191956},"rotation":{"x":0.23284302651882173,"y":0.6529811024665833,"z":-0.2216925173997879,"w":0.6857768297195435},"size":2.7198212146759035,"orthographic":false}