{"cameraMode":{"drawMode":0,"name":"Shaded","section":"Shading Mode"},"sceneLighting":true,"audioPlay":false,"sceneViewState":{"showFog":true,"showMaterialUpdate":true,"showSkybox":true,"showFlares":true,"showImageEffects":true,"showParticleSystems":true},"in2DMode":false,"pivot":{"x":383.02191162109377,"y":-116.83944702148438,"z":-367.92108154296877},"rotation":{"x":-0.05189303308725357,"y":-0.9062069654464722,"z":0.11662837862968445,"w":-0.4031381607055664},"size":713.9754028320313,"orthographic":false}