{"cameraMode":{"drawMode":0,"name":"Shaded","section":"Shading Mode"},"sceneLighting":false,"audioPlay":false,"sceneViewState":{"showFog":true,"showMaterialUpdate":true,"showSkybox":false,"showFlares":true,"showImageEffects":true,"showParticleSystems":true},"in2DMode":false,"pivot":{"x":-0.005635976791381836,"y":0.12338795512914658,"z":0.041089028120040897},"rotation":{"x":0.004827140364795923,"y":-0.8740800619125366,"z":-0.008977655321359635,"w":-0.4857511520385742},"size":0.6090337038040161,"orthographic":false}