{"cameraMode":{"drawMode":0,"name":"Shaded","section":"Shading Mode"},"sceneLighting":true,"audioPlay":false,"sceneViewState":{"showFog":true,"showMaterialUpdate":true,"showSkybox":true,"showFlares":true,"showImageEffects":true,"showParticleSystems":true},"in2DMode":false,"pivot":{"x":28.913421630859376,"y":-1.7910194396972657,"z":-21.191781997680665},"rotation":{"x":0.05030352622270584,"y":0.8835000395774841,"z":-0.09757550805807114,"w":0.45540720224380495},"size":53.15083694458008,"orthographic":false}