{"cameraMode":{"drawMode":0,"name":"Shaded","section":"Shading Mode"},"sceneLighting":true,"audioPlay":false,"sceneViewState":{"showFog":true,"showMaterialUpdate":true,"showSkybox":true,"showFlares":true,"showImageEffects":true,"showParticleSystems":true},"in2DMode":false,"pivot":{"x":8.051034927368164,"y":2.8597216606140138,"z":1.6579347848892213},"rotation":{"x":0.032739974558353427,"y":0.8743082284927368,"z":-0.05954000726342201,"w":0.4806140661239624},"size":27.077421188354493,"orthographic":false}